"name","price","sku"
"BCAA Easy 500mg 120 Cap. - Aminoácido Ramificado EVO","59.9000","344239166"
"","","344239166"
"BCAA 1500mg 120 Tab. - Aminoácido Ramificado EVO","89.9000","344239392"
"","","344239392"
"","","344239392"
"","","344239392"
"BCAA em Pó 8:1:1 450g - Aminoácido Ramificado EVO-Fruit Salad","149.9000","344239458"
"L-Glutamina 400g Ajinomoto EVO","129.0000","344239641"
"","","344239641"
"L-Carnitina 120 Cap. EVO","89.9000","344239866"
"","","344239866"
"Creatina Creapure 400g EVO","109.9000","344239989"
"","","344239989"
"","","344239989"
"Hidro Waxy Maize sem Sabor 1,6kg EVO","89.9000","344240103"
"","","344240103"
"CA Óleo de Cartamo 120 Cap. EVO","89.9000","344240168"
"Chromo Picolinate 120 Cap. EVO","59.9000","344240334"
"","","344240334"
"Polivitamínico One Multivitamin 120 Cap EVO","69.9000","344240424"
"","","344240424"
"ZMA Test 120 Cap. EVO","59.9000","344240534"
"","","344240534"
"Pré-Treino Neuro Hardcore EVO","129.9000","344240638"
"","","344240638"
"Shred Ripped 90 Cap EVO","129.9000","344240701"
"","","344240701"
"Testo Sarms 90 Cap EVO","149.9000","344240743"
"","","344240743"
"Proteína Isolada Iso Hard Bolic 2kg EVO-Chocolate","149.9000","344240753"
"","","344240753"
"Proteína Isolada Iso Hard Bolic 2kg EVO-Baunilha","149.9000","344240769"
"","","344240769"
"Proteína Isolada Iso Hard Bolic 2kg EVO-Morango","149.9000","344240802"
"","","344240802"
"Last Amino 450g EVO-Fruit Salad","159.9000","344240806"
"Last Amino 450g EVO-Mix Berry","159.9000","344240837"
"Massa Real Gainer EVO 3,3Kg-Baunilha","99.9000","344240899"
"","","344240899"
"Massa Real Gainer EVO 3,3Kg-Morango","99.9000","344240974"
"","","344240974"
"Whey Protein Concentrada e Isolada 900g EVO-Baunilha","129.9000","344241020"
"Whey Protein Concentrada e Isolada 900g EVO-Morango","129.9000","344241196"
"Whey Protein Concentrada e Isolada 2,4kg EVO-Baunilha","289.9000","344241447"
"","","344241447"
"Whey Protein Concentrada e Isolada 2,4kg EVO-Morango","289.9000","344241578"
"","","344241578"
"Whey Protein Concentrada e Isolada 2,4kg EVO-Napolitano","289.9000","344241642"
"Whey Protein Concentrada e Isolada 900g EVO-Chocolate","129.9000","344242307"
"Hair, Skin & Nails 60 Cap. Liq. EVO","119.9000","351350700"
"","","351350700"
"Good Nigth 90 caps (triptofano 500mg) EVO","109.9000","351688327"
"","","351688327"
"","","351688327"
"Pure Omega 3 - 60 Caps Liq EVO","99.9000","351688287"
"","","351688287"
"Creatina 200g EVO","49.9000","351695413"
"","","351695413"
"","","351695413"
"Massa Real Gainer EVO 3,3Kg-Chocolate","99.9000","344240966"
"","","344240966"
"Whey Protein Concentrada e Isolada 2,4kg EVO-Chocolate","289.9000","354644443"
"","","354644443"
"Whey Protein Concentrada e Isolada 2,4kg EVO-Original","289.9000","354644633"
"Whey Protein Concentrada e Isolada 900g EVO-Original","129.9000","354644785"
"BCAA em Pó 8:1:1 450g - Aminoácido Ramificado EVO-Mix Berry","149.9000","354645010"
"Whey Protein Concentrada e Isolada 900g EVO-Napolitano","129.9000","344241307"
"Pré Hormonal Trembotest 100 EVO","119.9000","354645436"
"Thermo Elite Termogênico EVO","99.9000","356080606"
"","","356080606"
"Coqueteleira Evolution Nutrition","19.9000","364987198"
"","","364987198"
"Whey Protein Isolada Hidrolisada 1kg EVO-Baunilha","219.9000","344241778"
"Whey Protein Isolada Hidrolisada 1kg EVO-Morango","219.9000","344241943"
"Whey Protein Isolada Hidrolisada 1kg EVO-Chocolate","219.9000","344242024"
"Whey Protein Isolada Hidrolisada 1kg EVO-Original","219.9000","351687066"
"Whey Protein Isolada Hidrolisada 1kg EVO-Napolitano","219.9000","351687145"
"Whey Protein Isolada Hidrolisada 2,4kg EVO-Napolitano","469.9000","351687933"
"Whey Protein Isolada Hidrolisada 2,4kg EVO-Original","469.9000","351687941"
"Whey Protein Isolada Hidrolisada 2,4kg EVO-Baunilha","469.9000","351687953"
"Whey Protein Isolada Hidrolisada 2,4kg EVO-Morango","469.9000","351687968"
"Whey Protein Isolada Hidrolisada 2,4kg EVO-Chocolate","469.9000","351688062"
